"Index","Count","Hash","Size","Format","Levels","Png","Dds"
"1","8","0xEE2BE1B3A8F9EB55","32x32","DXT1","0","re_docs\hud_pause_candidate_png_2100\cand_001.png","rtx-remix\logs\tod-candidate-textures\ui_candidate_EE2BE1B3A8F9EB55_32x32_DXT1.dds"
"2","8","0x43D1645B5C3DEECF","32x64","A8R8G8B8","0","re_docs\hud_pause_candidate_png_2100\cand_002.png","rtx-remix\logs\tod-candidate-textures\ui_candidate_43D1645B5C3DEECF_32x64_A8R8G8B8.dds"
"3","8","0xE47F4A69E7485DAF","128x128","DXT1","0","re_docs\hud_pause_candidate_png_2100\cand_003.png","rtx-remix\logs\tod-candidate-textures\ui_candidate_E47F4A69E7485DAF_128x128_DXT1.dds"
"4","8","0x6842A3653B0F85E8","32x32","DXT1","0","re_docs\hud_pause_candidate_png_2100\cand_004.png","rtx-remix\logs\tod-candidate-textures\ui_candidate_6842A3653B0F85E8_32x32_DXT1.dds"
"5","7","0xF77D888941F4BB8C","64x64","DXT1","0","re_docs\hud_pause_candidate_png_2100\cand_005.png","rtx-remix\logs\tod-candidate-textures\ui_candidate_F77D888941F4BB8C_64x64_DXT1.dds"
"6","7","0xA046EBF856E313EE","64x64","DXT1","0","re_docs\hud_pause_candidate_png_2100\cand_006.png","rtx-remix\logs\tod-candidate-textures\ui_candidate_A046EBF856E313EE_64x64_DXT1.dds"
"7","6","0x96B329D2C97D1620","128x64","DXT1","0","re_docs\hud_pause_candidate_png_2100\cand_007.png","rtx-remix\logs\tod-candidate-textures\ui_candidate_96B329D2C97D1620_128x64_DXT1.dds"
"8","6","0x3AE50341A46C66D9","128x64","DXT1","0","re_docs\hud_pause_candidate_png_2100\cand_008.png","rtx-remix\logs\tod-candidate-textures\ui_candidate_3AE50341A46C66D9_128x64_DXT1.dds"
"9","6","0xF47C8AD8C017C530","32x32","DXT1","0","re_docs\hud_pause_candidate_png_2100\cand_009.png","rtx-remix\logs\tod-candidate-textures\ui_candidate_F47C8AD8C017C530_32x32_DXT1.dds"
"10","6","0x2C85F1658D4ACA55","32x32","DXT1","0","re_docs\hud_pause_candidate_png_2100\cand_010.png","rtx-remix\logs\tod-candidate-textures\ui_candidate_2C85F1658D4ACA55_32x32_DXT1.dds"
"11","6","0xA057271C9071C99D","8x8","DXT1","0","re_docs\hud_pause_candidate_png_2100\cand_011.png","rtx-remix\logs\tod-candidate-textures\ui_candidate_A057271C9071C99D_8x8_DXT1.dds"
"12","6","0x6B76CB11E09FB71F","32x32","DXT1","0","re_docs\hud_pause_candidate_png_2100\cand_012.png","rtx-remix\logs\tod-candidate-textures\ui_candidate_6B76CB11E09FB71F_32x32_DXT1.dds"
"13","6","0xD84E0241FB4E93F6","1024x128","A8R8G8B8","1","re_docs\hud_pause_candidate_png_2100\cand_013.png","rtx-remix\logs\tod-candidate-textures\ui_candidate_D84E0241FB4E93F6_1024x128_A8R8G8B8.dds"
"14","6","0x9DC95F977DAC1942","128x128","DXT1","0","re_docs\hud_pause_candidate_png_2100\cand_014.png","rtx-remix\logs\tod-candidate-textures\ui_candidate_9DC95F977DAC1942_128x128_DXT1.dds"
"15","6","0x9C9B8901AA629BF0","64x64","DXT1","0","re_docs\hud_pause_candidate_png_2100\cand_015.png","rtx-remix\logs\tod-candidate-textures\ui_candidate_9C9B8901AA629BF0_64x64_DXT1.dds"
"16","6","0x13EFE16FBCBF1E27","32x32","DXT1","0","re_docs\hud_pause_candidate_png_2100\cand_016.png","rtx-remix\logs\tod-candidate-textures\ui_candidate_13EFE16FBCBF1E27_32x32_DXT1.dds"
"17","5","0x1437A9945230F52D","128x128","DXT1","0","re_docs\hud_pause_candidate_png_2100\cand_017.png","rtx-remix\logs\tod-candidate-textures\ui_candidate_1437A9945230F52D_128x128_DXT1.dds"
"18","5","0x55F22B1785898647","64x64","DXT1","0","re_docs\hud_pause_candidate_png_2100\cand_018.png","rtx-remix\logs\tod-candidate-textures\ui_candidate_55F22B1785898647_64x64_DXT1.dds"
"19","5","0x0CD0EB5582593369","64x64","DXT1","0","re_docs\hud_pause_candidate_png_2100\cand_019.png","rtx-remix\logs\tod-candidate-textures\ui_candidate_0CD0EB5582593369_64x64_DXT1.dds"
"20","5","0x7994030D8DE77CBD","128x64","DXT1","0","re_docs\hud_pause_candidate_png_2100\cand_020.png","rtx-remix\logs\tod-candidate-textures\ui_candidate_7994030D8DE77CBD_128x64_DXT1.dds"
"21","5","0x48B6DE102ECDF288","128x128","DXT1","0","re_docs\hud_pause_candidate_png_2100\cand_021.png","rtx-remix\logs\tod-candidate-textures\ui_candidate_48B6DE102ECDF288_128x128_DXT1.dds"
"22","5","0x223684BFA58AC376","64x128","DXT1","0","re_docs\hud_pause_candidate_png_2100\cand_022.png","rtx-remix\logs\tod-candidate-textures\ui_candidate_223684BFA58AC376_64x128_DXT1.dds"
"23","5","0x6C732DC9A81DD021","128x64","DXT1","0","re_docs\hud_pause_candidate_png_2100\cand_023.png","rtx-remix\logs\tod-candidate-textures\ui_candidate_6C732DC9A81DD021_128x64_DXT1.dds"
"24","4","0x71A20A89167C646C","64x32","DXT1","0","re_docs\hud_pause_candidate_png_2100\cand_024.png","rtx-remix\logs\tod-candidate-textures\ui_candidate_71A20A89167C646C_64x32_DXT1.dds"
"25","4","0x72AC5548669827B0","128x64","DXT1","0","re_docs\hud_pause_candidate_png_2100\cand_025.png","rtx-remix\logs\tod-candidate-textures\ui_candidate_72AC5548669827B0_128x64_DXT1.dds"
"26","4","0xFF6187314F4525EF","128x64","DXT1","0","re_docs\hud_pause_candidate_png_2100\cand_026.png","rtx-remix\logs\tod-candidate-textures\ui_candidate_FF6187314F4525EF_128x64_DXT1.dds"
"27","4","0xCE0734307E7A9C79","128x64","DXT1","0","re_docs\hud_pause_candidate_png_2100\cand_027.png","rtx-remix\logs\tod-candidate-textures\ui_candidate_CE0734307E7A9C79_128x64_DXT1.dds"
"28","4","0x109DACC68F1F4BD1","32x64","DXT1","0","re_docs\hud_pause_candidate_png_2100\cand_028.png","rtx-remix\logs\tod-candidate-textures\ui_candidate_109DACC68F1F4BD1_32x64_DXT1.dds"
"29","4","0x24CF2322F4219DDB","32x32","DXT1","0","re_docs\hud_pause_candidate_png_2100\cand_029.png","rtx-remix\logs\tod-candidate-textures\ui_candidate_24CF2322F4219DDB_32x32_DXT1.dds"
"30","4","0xE14A2F074357E8E7","128x64","DXT1","0","re_docs\hud_pause_candidate_png_2100\cand_030.png","rtx-remix\logs\tod-candidate-textures\ui_candidate_E14A2F074357E8E7_128x64_DXT1.dds"
"31","4","0x061DE104A87DAE77","128x64","DXT1","0","re_docs\hud_pause_candidate_png_2100\cand_031.png","rtx-remix\logs\tod-candidate-textures\ui_candidate_061DE104A87DAE77_128x64_DXT1.dds"
"32","4","0xA3FBDAEF56E04A18","128x64","A8R8G8B8","0","re_docs\hud_pause_candidate_png_2100\cand_032.png","rtx-remix\logs\tod-candidate-textures\ui_candidate_A3FBDAEF56E04A18_128x64_A8R8G8B8.dds"
"33","4","0x9BE8EF106DB3FF4E","128x128","DXT1","0","re_docs\hud_pause_candidate_png_2100\cand_033.png","rtx-remix\logs\tod-candidate-textures\ui_candidate_9BE8EF106DB3FF4E_128x128_DXT1.dds"
"34","4","0x408978C093DE548D","16x64","DXT1","0","re_docs\hud_pause_candidate_png_2100\cand_034.png","rtx-remix\logs\tod-candidate-textures\ui_candidate_408978C093DE548D_16x64_DXT1.dds"
"35","4","0xEE424E483149D0F7","128x128","DXT1","0","re_docs\hud_pause_candidate_png_2100\cand_035.png","rtx-remix\logs\tod-candidate-textures\ui_candidate_EE424E483149D0F7_128x128_DXT1.dds"
"36","4","0xD2B89FD7D6582428","128x128","DXT1","0","re_docs\hud_pause_candidate_png_2100\cand_036.png","rtx-remix\logs\tod-candidate-textures\ui_candidate_D2B89FD7D6582428_128x128_DXT1.dds"
"37","4","0x1B3206F8500CC7A6","128x128","DXT1","0","re_docs\hud_pause_candidate_png_2100\cand_037.png","rtx-remix\logs\tod-candidate-textures\ui_candidate_1B3206F8500CC7A6_128x128_DXT1.dds"
"38","4","0xC21B586C654E9CD8","16x16","DXT1","0","re_docs\hud_pause_candidate_png_2100\cand_038.png","rtx-remix\logs\tod-candidate-textures\ui_candidate_C21B586C654E9CD8_16x16_DXT1.dds"
"39","4","0xDFE0DA1FD85B061C","128x128","DXT1","0","re_docs\hud_pause_candidate_png_2100\cand_039.png","rtx-remix\logs\tod-candidate-textures\ui_candidate_DFE0DA1FD85B061C_128x128_DXT1.dds"
"40","4","0x569F50CA9B985181","64x128","DXT1","0","re_docs\hud_pause_candidate_png_2100\cand_040.png","rtx-remix\logs\tod-candidate-textures\ui_candidate_569F50CA9B985181_64x128_DXT1.dds"
"41","4","0xEC14C0788E491247","128x128","DXT1","0","re_docs\hud_pause_candidate_png_2100\cand_041.png","rtx-remix\logs\tod-candidate-textures\ui_candidate_EC14C0788E491247_128x128_DXT1.dds"
"42","4","0x6CC1B0BB00945F40","128x128","DXT1","0","re_docs\hud_pause_candidate_png_2100\cand_042.png","rtx-remix\logs\tod-candidate-textures\ui_candidate_6CC1B0BB00945F40_128x128_DXT1.dds"
"43","4","0x89CB1B3987D6453E","64x32","DXT1","0","re_docs\hud_pause_candidate_png_2100\cand_043.png","rtx-remix\logs\tod-candidate-textures\ui_candidate_89CB1B3987D6453E_64x32_DXT1.dds"
"44","4","0xDAE79636BEEE2D18","64x64","DXT1","0","re_docs\hud_pause_candidate_png_2100\cand_044.png","rtx-remix\logs\tod-candidate-textures\ui_candidate_DAE79636BEEE2D18_64x64_DXT1.dds"
"45","4","0xEBC3378B9CDC2410","128x64","DXT1","0","re_docs\hud_pause_candidate_png_2100\cand_045.png","rtx-remix\logs\tod-candidate-textures\ui_candidate_EBC3378B9CDC2410_128x64_DXT1.dds"
"46","4","0x6DD395B18DA0F2CB","128x128","DXT1","0","re_docs\hud_pause_candidate_png_2100\cand_046.png","rtx-remix\logs\tod-candidate-textures\ui_candidate_6DD395B18DA0F2CB_128x128_DXT1.dds"
"47","4","0xFBCC524FF141B3D4","128x128","DXT1","0","re_docs\hud_pause_candidate_png_2100\cand_047.png","rtx-remix\logs\tod-candidate-textures\ui_candidate_FBCC524FF141B3D4_128x128_DXT1.dds"
"48","4","0x2D02A061A0937E08","128x128","DXT1","0","re_docs\hud_pause_candidate_png_2100\cand_048.png","rtx-remix\logs\tod-candidate-textures\ui_candidate_2D02A061A0937E08_128x128_DXT1.dds"
"49","4","0xBFC8DA875E4408FC","64x64","A8R8G8B8","0","re_docs\hud_pause_candidate_png_2100\cand_049.png","rtx-remix\logs\tod-candidate-textures\ui_candidate_BFC8DA875E4408FC_64x64_A8R8G8B8.dds"
"50","4","0x8E82F1EAB8BA9F74","32x32","DXT1","0","re_docs\hud_pause_candidate_png_2100\cand_050.png","rtx-remix\logs\tod-candidate-textures\ui_candidate_8E82F1EAB8BA9F74_32x32_DXT1.dds"
"51","4","0x59BAB150A9486677","128x32","DXT1","0","re_docs\hud_pause_candidate_png_2100\cand_051.png","rtx-remix\logs\tod-candidate-textures\ui_candidate_59BAB150A9486677_128x32_DXT1.dds"
"52","4","0xFA9FFAAA419D68F8","64x64","A8R8G8B8","0","re_docs\hud_pause_candidate_png_2100\cand_052.png","rtx-remix\logs\tod-candidate-textures\ui_candidate_FA9FFAAA419D68F8_64x64_A8R8G8B8.dds"
"53","4","0x588F7EBCCE2F5BB6","128x64","A8R8G8B8","0","re_docs\hud_pause_candidate_png_2100\cand_053.png","rtx-remix\logs\tod-candidate-textures\ui_candidate_588F7EBCCE2F5BB6_128x64_A8R8G8B8.dds"
"54","4","0x47C5839BDE0C2E19","128x128","DXT1","0","re_docs\hud_pause_candidate_png_2100\cand_054.png","rtx-remix\logs\tod-candidate-textures\ui_candidate_47C5839BDE0C2E19_128x128_DXT1.dds"
"55","4","0x944B63A241B8098A","128x128","DXT1","0","re_docs\hud_pause_candidate_png_2100\cand_055.png","rtx-remix\logs\tod-candidate-textures\ui_candidate_944B63A241B8098A_128x128_DXT1.dds"
"56","4","0xD9434CC7E3A4BE0C","32x32","DXT1","0","re_docs\hud_pause_candidate_png_2100\cand_056.png","rtx-remix\logs\tod-candidate-textures\ui_candidate_D9434CC7E3A4BE0C_32x32_DXT1.dds"
"57","4","0xFF677308BBD045ED","32x32","DXT1","0","re_docs\hud_pause_candidate_png_2100\cand_057.png","rtx-remix\logs\tod-candidate-textures\ui_candidate_FF677308BBD045ED_32x32_DXT1.dds"
"58","4","0x1B97BE4F8A646D71","128x64","DXT1","0","re_docs\hud_pause_candidate_png_2100\cand_058.png","rtx-remix\logs\tod-candidate-textures\ui_candidate_1B97BE4F8A646D71_128x64_DXT1.dds"
"59","4","0x9F98ECFF37D7C5F8","128x128","A8R8G8B8","0","re_docs\hud_pause_candidate_png_2100\cand_059.png","rtx-remix\logs\tod-candidate-textures\ui_candidate_9F98ECFF37D7C5F8_128x128_A8R8G8B8.dds"
"60","4","0x14A27F70E2C91401","256x128","DXT1","0","re_docs\hud_pause_candidate_png_2100\cand_060.png","rtx-remix\logs\tod-candidate-textures\ui_candidate_14A27F70E2C91401_256x128_DXT1.dds"
"61","4","0xEADEE21A7DE0833B","128x128","A8R8G8B8","0","re_docs\hud_pause_candidate_png_2100\cand_061.png","rtx-remix\logs\tod-candidate-textures\ui_candidate_EADEE21A7DE0833B_128x128_A8R8G8B8.dds"
"62","4","0xEECEA3BBFA6B2448","64x128","A8R8G8B8","0","re_docs\hud_pause_candidate_png_2100\cand_062.png","rtx-remix\logs\tod-candidate-textures\ui_candidate_EECEA3BBFA6B2448_64x128_A8R8G8B8.dds"
"63","4","0x148AE56EDA3279FC","128x128","DXT1","0","re_docs\hud_pause_candidate_png_2100\cand_063.png","rtx-remix\logs\tod-candidate-textures\ui_candidate_148AE56EDA3279FC_128x128_DXT1.dds"
"64","4","0x6253B8DD04FA60E1","64x128","DXT1","0","re_docs\hud_pause_candidate_png_2100\cand_064.png","rtx-remix\logs\tod-candidate-textures\ui_candidate_6253B8DD04FA60E1_64x128_DXT1.dds"
"65","4","0x3F6C008F32FE3D33","16x16","DXT1","0","re_docs\hud_pause_candidate_png_2100\cand_065.png","rtx-remix\logs\tod-candidate-textures\ui_candidate_3F6C008F32FE3D33_16x16_DXT1.dds"
"66","4","0x4103498FC4CF3024","128x128","DXT1","0","re_docs\hud_pause_candidate_png_2100\cand_066.png","rtx-remix\logs\tod-candidate-textures\ui_candidate_4103498FC4CF3024_128x128_DXT1.dds"
"67","4","0x021F3666624D2A48","16x16","A8R8G8B8","0","re_docs\hud_pause_candidate_png_2100\cand_067.png","rtx-remix\logs\tod-candidate-textures\ui_candidate_021F3666624D2A48_16x16_A8R8G8B8.dds"
"68","4","0xC2256B6966DF5683","16x16","A8R8G8B8","0","re_docs\hud_pause_candidate_png_2100\cand_068.png","rtx-remix\logs\tod-candidate-textures\ui_candidate_C2256B6966DF5683_16x16_A8R8G8B8.dds"
"69","4","0x086D805FA0A96A4B","128x128","DXT1","0","re_docs\hud_pause_candidate_png_2100\cand_069.png","rtx-remix\logs\tod-candidate-textures\ui_candidate_086D805FA0A96A4B_128x128_DXT1.dds"
"70","4","0xA9C91491831CB8A1","16x16","A8R8G8B8","0","re_docs\hud_pause_candidate_png_2100\cand_070.png","rtx-remix\logs\tod-candidate-textures\ui_candidate_A9C91491831CB8A1_16x16_A8R8G8B8.dds"
"71","4","0x6FDD8382E460FFFC","128x64","DXT1","0","re_docs\hud_pause_candidate_png_2100\cand_071.png","rtx-remix\logs\tod-candidate-textures\ui_candidate_6FDD8382E460FFFC_128x64_DXT1.dds"
"72","4","0xC3BF9A51C6710C2F","128x64","DXT1","0","re_docs\hud_pause_candidate_png_2100\cand_072.png","rtx-remix\logs\tod-candidate-textures\ui_candidate_C3BF9A51C6710C2F_128x64_DXT1.dds"
"73","4","0xBE65D0900E1007CB","32x32","A8R8G8B8","0","re_docs\hud_pause_candidate_png_2100\cand_073.png","rtx-remix\logs\tod-candidate-textures\ui_candidate_BE65D0900E1007CB_32x32_A8R8G8B8.dds"
"74","4","0x11835E0D4A798013","128x64","DXT1","0","re_docs\hud_pause_candidate_png_2100\cand_074.png","rtx-remix\logs\tod-candidate-textures\ui_candidate_11835E0D4A798013_128x64_DXT1.dds"
"75","4","0xA1304DE48874A385","128x32","DXT1","0","re_docs\hud_pause_candidate_png_2100\cand_075.png","rtx-remix\logs\tod-candidate-textures\ui_candidate_A1304DE48874A385_128x32_DXT1.dds"
"76","4","0x0F6C2D584BB48669","128x64","DXT1","0","re_docs\hud_pause_candidate_png_2100\cand_076.png","rtx-remix\logs\tod-candidate-textures\ui_candidate_0F6C2D584BB48669_128x64_DXT1.dds"
"77","4","0x49B9E18AEB8F3018","128x64","DXT1","0","re_docs\hud_pause_candidate_png_2100\cand_077.png","rtx-remix\logs\tod-candidate-textures\ui_candidate_49B9E18AEB8F3018_128x64_DXT1.dds"
"78","4","0x2D591C2499653E9A","128x64","DXT1","0","re_docs\hud_pause_candidate_png_2100\cand_078.png","rtx-remix\logs\tod-candidate-textures\ui_candidate_2D591C2499653E9A_128x64_DXT1.dds"
"79","4","0x1F5A6F6A1B98D80E","128x64","DXT1","0","re_docs\hud_pause_candidate_png_2100\cand_079.png","rtx-remix\logs\tod-candidate-textures\ui_candidate_1F5A6F6A1B98D80E_128x64_DXT1.dds"
"80","4","0xDF15E7B8D489C249","128x32","DXT1","0","re_docs\hud_pause_candidate_png_2100\cand_080.png","rtx-remix\logs\tod-candidate-textures\ui_candidate_DF15E7B8D489C249_128x32_DXT1.dds"
"81","4","0x15A223081A3F4E7B","128x32","DXT1","0","re_docs\hud_pause_candidate_png_2100\cand_081.png","rtx-remix\logs\tod-candidate-textures\ui_candidate_15A223081A3F4E7B_128x32_DXT1.dds"
"82","4","0x6C5CD0B0BEC59CDC","128x32","DXT1","0","re_docs\hud_pause_candidate_png_2100\cand_082.png","rtx-remix\logs\tod-candidate-textures\ui_candidate_6C5CD0B0BEC59CDC_128x32_DXT1.dds"
"83","4","0x3090DB818F2BACF1","128x32","DXT1","0","re_docs\hud_pause_candidate_png_2100\cand_083.png","rtx-remix\logs\tod-candidate-textures\ui_candidate_3090DB818F2BACF1_128x32_DXT1.dds"
"84","4","0x5EF9EBC260F4B6BC","64x64","DXT1","0","re_docs\hud_pause_candidate_png_2100\cand_084.png","rtx-remix\logs\tod-candidate-textures\ui_candidate_5EF9EBC260F4B6BC_64x64_DXT1.dds"
"85","4","0xBF73D3FB1818F2A4","64x64","DXT1","0","re_docs\hud_pause_candidate_png_2100\cand_085.png","rtx-remix\logs\tod-candidate-textures\ui_candidate_BF73D3FB1818F2A4_64x64_DXT1.dds"
"86","4","0xE74D3E98F36BF71A","64x64","DXT1","0","re_docs\hud_pause_candidate_png_2100\cand_086.png","rtx-remix\logs\tod-candidate-textures\ui_candidate_E74D3E98F36BF71A_64x64_DXT1.dds"
"87","4","0xB6C9BFE1B58FDDB0","64x64","DXT1","0","re_docs\hud_pause_candidate_png_2100\cand_087.png","rtx-remix\logs\tod-candidate-textures\ui_candidate_B6C9BFE1B58FDDB0_64x64_DXT1.dds"
"88","4","0x43D1645B5C3DEECF","32x64","A8R8G8B8","7","re_docs\hud_pause_candidate_png_2100\cand_088.png","rtx-remix\logs\tod-candidate-textures\ui_candidate_43D1645B5C3DEECF_32x64_A8R8G8B8.dds"
"89","4","0x6A50760AF2E2D0C6","32x32","DXT1","0","re_docs\hud_pause_candidate_png_2100\cand_089.png","rtx-remix\logs\tod-candidate-textures\ui_candidate_6A50760AF2E2D0C6_32x32_DXT1.dds"
"90","4","0x2D9CCEBE93E91441","64x64","DXT1","0","re_docs\hud_pause_candidate_png_2100\cand_090.png","rtx-remix\logs\tod-candidate-textures\ui_candidate_2D9CCEBE93E91441_64x64_DXT1.dds"
"91","4","0x9D89D2DA94056C57","128x128","A8R8G8B8","0","re_docs\hud_pause_candidate_png_2100\cand_091.png","rtx-remix\logs\tod-candidate-textures\ui_candidate_9D89D2DA94056C57_128x128_A8R8G8B8.dds"
"92","4","0x1AA052D8B0A81324","16x16","DXT1","0","re_docs\hud_pause_candidate_png_2100\cand_092.png","rtx-remix\logs\tod-candidate-textures\ui_candidate_1AA052D8B0A81324_16x16_DXT1.dds"
"93","4","0xC148A26248AED1DD","32x32","DXT1","0","re_docs\hud_pause_candidate_png_2100\cand_093.png","rtx-remix\logs\tod-candidate-textures\ui_candidate_C148A26248AED1DD_32x32_DXT1.dds"
"94","4","0xD755FEFC17D23563","32x32","DXT1","0","re_docs\hud_pause_candidate_png_2100\cand_094.png","rtx-remix\logs\tod-candidate-textures\ui_candidate_D755FEFC17D23563_32x32_DXT1.dds"
"95","4","0xE99F05406EED8DC2","32x32","DXT1","0","re_docs\hud_pause_candidate_png_2100\cand_095.png","rtx-remix\logs\tod-candidate-textures\ui_candidate_E99F05406EED8DC2_32x32_DXT1.dds"
"96","4","0x165FCC30FE993ACB","64x128","DXT1","0","re_docs\hud_pause_candidate_png_2100\cand_096.png","rtx-remix\logs\tod-candidate-textures\ui_candidate_165FCC30FE993ACB_64x128_DXT1.dds"
"97","4","0x860C908AA5DF20CA","64x64","DXT1","0","re_docs\hud_pause_candidate_png_2100\cand_097.png","rtx-remix\logs\tod-candidate-textures\ui_candidate_860C908AA5DF20CA_64x64_DXT1.dds"
"98","4","0x6F26C2C14C981112","64x64","A8R8G8B8","0","re_docs\hud_pause_candidate_png_2100\cand_098.png","rtx-remix\logs\tod-candidate-textures\ui_candidate_6F26C2C14C981112_64x64_A8R8G8B8.dds"
"99","4","0x093C29F27ECFCF21","16x16","DXT1","0","re_docs\hud_pause_candidate_png_2100\cand_099.png","rtx-remix\logs\tod-candidate-textures\ui_candidate_093C29F27ECFCF21_16x16_DXT1.dds"
"100","4","0x6842A3653B0F85E8","32x32","DXT1","6","re_docs\hud_pause_candidate_png_2100\cand_100.png","rtx-remix\logs\tod-candidate-textures\ui_candidate_6842A3653B0F85E8_32x32_DXT1.dds"
"101","3","0x5608CCD2E1F415C7","128x64","DXT1","0","re_docs\hud_pause_candidate_png_2100\cand_101.png","rtx-remix\logs\tod-candidate-textures\ui_candidate_5608CCD2E1F415C7_128x64_DXT1.dds"
"102","3","0x4C21D82F86E6ECEC","128x64","DXT1","0","re_docs\hud_pause_candidate_png_2100\cand_102.png","rtx-remix\logs\tod-candidate-textures\ui_candidate_4C21D82F86E6ECEC_128x64_DXT1.dds"
"103","3","0xD4B6B489E2CF5A6F","64x64","A8R8G8B8","0","re_docs\hud_pause_candidate_png_2100\cand_103.png","rtx-remix\logs\tod-candidate-textures\ui_candidate_D4B6B489E2CF5A6F_64x64_A8R8G8B8.dds"
"104","3","0x04B07303157B7DD7","128x128","DXT1","0","re_docs\hud_pause_candidate_png_2100\cand_104.png","rtx-remix\logs\tod-candidate-textures\ui_candidate_04B07303157B7DD7_128x128_DXT1.dds"
"105","3","0x466BFC9357C4D210","32x128","DXT1","0","re_docs\hud_pause_candidate_png_2100\cand_105.png","rtx-remix\logs\tod-candidate-textures\ui_candidate_466BFC9357C4D210_32x128_DXT1.dds"
"106","3","0xD88824D51E977C3F","128x64","DXT1","0","re_docs\hud_pause_candidate_png_2100\cand_106.png","rtx-remix\logs\tod-candidate-textures\ui_candidate_D88824D51E977C3F_128x64_DXT1.dds"
"107","3","0x308BF6A5E1FEC56F","128x128","A8R8G8B8","1","re_docs\hud_pause_candidate_png_2100\cand_107.png","rtx-remix\logs\tod-candidate-textures\ui_candidate_308BF6A5E1FEC56F_128x128_A8R8G8B8.dds"
"108","3","0x9DC95F977DAC1942","128x128","DXT1","8","re_docs\hud_pause_candidate_png_2100\cand_108.png","rtx-remix\logs\tod-candidate-textures\ui_candidate_9DC95F977DAC1942_128x128_DXT1.dds"
"109","3","0x018D0C839ABB9D6B","128x64","DXT1","0","re_docs\hud_pause_candidate_png_2100\cand_109.png","rtx-remix\logs\tod-candidate-textures\ui_candidate_018D0C839ABB9D6B_128x64_DXT1.dds"
"110","3","0xC0692D1A2ADFE30A","64x32","DXT1","0","re_docs\hud_pause_candidate_png_2100\cand_110.png","rtx-remix\logs\tod-candidate-textures\ui_candidate_C0692D1A2ADFE30A_64x32_DXT1.dds"
"111","3","0x1C173253E153EE57","128x64","DXT1","0","re_docs\hud_pause_candidate_png_2100\cand_111.png","rtx-remix\logs\tod-candidate-textures\ui_candidate_1C173253E153EE57_128x64_DXT1.dds"
"112","3","0x7B7CB5A80B962D47","128x128","A8R8G8B8","1","re_docs\hud_pause_candidate_png_2100\cand_112.png","rtx-remix\logs\tod-candidate-textures\ui_candidate_7B7CB5A80B962D47_128x128_A8R8G8B8.dds"
"113","3","0xDC9F8328839C6D4C","128x128","A8R8G8B8","1","re_docs\hud_pause_candidate_png_2100\cand_113.png","rtx-remix\logs\tod-candidate-textures\ui_candidate_DC9F8328839C6D4C_128x128_A8R8G8B8.dds"
"114","3","0xC13C88FEC9151194","128x64","DXT1","0","re_docs\hud_pause_candidate_png_2100\cand_114.png","rtx-remix\logs\tod-candidate-textures\ui_candidate_C13C88FEC9151194_128x64_DXT1.dds"
"115","3","0x6D903948AD06648A","512x32","A8R8G8B8","1","re_docs\hud_pause_candidate_png_2100\cand_115.png","rtx-remix\logs\tod-candidate-textures\ui_candidate_6D903948AD06648A_512x32_A8R8G8B8.dds"
"116","3","0xEB7FD5A3B59BAE19","128x128","DXT1","0","re_docs\hud_pause_candidate_png_2100\cand_116.png","rtx-remix\logs\tod-candidate-textures\ui_candidate_EB7FD5A3B59BAE19_128x128_DXT1.dds"
"117","3","0x2C85F1658D4ACA55","32x32","DXT1","6","re_docs\hud_pause_candidate_png_2100\cand_117.png","rtx-remix\logs\tod-candidate-textures\ui_candidate_2C85F1658D4ACA55_32x32_DXT1.dds"
"118","3","0x259F7EEC1A02EC6A","32x32","A8R8G8B8","0","re_docs\hud_pause_candidate_png_2100\cand_118.png","rtx-remix\logs\tod-candidate-textures\ui_candidate_259F7EEC1A02EC6A_32x32_A8R8G8B8.dds"
"119","3","0xC5AA13DEAEA1D5B2","128x128","DXT1","0","re_docs\hud_pause_candidate_png_2100\cand_119.png","rtx-remix\logs\tod-candidate-textures\ui_candidate_C5AA13DEAEA1D5B2_128x128_DXT1.dds"
"120","3","0x0E0F22D0B0B6FEB9","64x64","A8R8G8B8","0","re_docs\hud_pause_candidate_png_2100\cand_120.png","rtx-remix\logs\tod-candidate-textures\ui_candidate_0E0F22D0B0B6FEB9_64x64_A8R8G8B8.dds"
"121","3","0x51D2418DF2BF1221","64x64","DXT1","0","re_docs\hud_pause_candidate_png_2100\cand_121.png","rtx-remix\logs\tod-candidate-textures\ui_candidate_51D2418DF2BF1221_64x64_DXT1.dds"
"122","3","0xEE2BE1B3A8F9EB55","32x32","DXT1","6","re_docs\hud_pause_candidate_png_2100\cand_122.png","rtx-remix\logs\tod-candidate-textures\ui_candidate_EE2BE1B3A8F9EB55_32x32_DXT1.dds"
"123","3","0x7E9D38FC703AC01F","128x128","A8R8G8B8","1","re_docs\hud_pause_candidate_png_2100\cand_123.png","rtx-remix\logs\tod-candidate-textures\ui_candidate_7E9D38FC703AC01F_128x128_A8R8G8B8.dds"
"124","3","0xA0C0193B88A89405","128x128","A8R8G8B8","1","re_docs\hud_pause_candidate_png_2100\cand_124.png","rtx-remix\logs\tod-candidate-textures\ui_candidate_A0C0193B88A89405_128x128_A8R8G8B8.dds"
"125","3","0xCDD235F2CC851BE8","128x64","DXT1","0","re_docs\hud_pause_candidate_png_2100\cand_125.png","rtx-remix\logs\tod-candidate-textures\ui_candidate_CDD235F2CC851BE8_128x64_DXT1.dds"
"126","3","0xF47C8AD8C017C530","32x32","DXT1","6","re_docs\hud_pause_candidate_png_2100\cand_126.png","rtx-remix\logs\tod-candidate-textures\ui_candidate_F47C8AD8C017C530_32x32_DXT1.dds"
"127","3","0xCA79DF91FF5164C9","128x64","DXT1","0","re_docs\hud_pause_candidate_png_2100\cand_127.png","rtx-remix\logs\tod-candidate-textures\ui_candidate_CA79DF91FF5164C9_128x64_DXT1.dds"
"128","3","0x2B4816BD87376AA3","1024x128","A8R8G8B8","1","re_docs\hud_pause_candidate_png_2100\cand_128.png","rtx-remix\logs\tod-candidate-textures\ui_candidate_2B4816BD87376AA3_1024x128_A8R8G8B8.dds"
"129","3","0x87FA96461BBB8A07","64x64","A8R8G8B8","0","re_docs\hud_pause_candidate_png_2100\cand_129.png","rtx-remix\logs\tod-candidate-textures\ui_candidate_87FA96461BBB8A07_64x64_A8R8G8B8.dds"
"130","3","0xDED0650023F03570","128x32","DXT1","0","re_docs\hud_pause_candidate_png_2100\cand_130.png","rtx-remix\logs\tod-candidate-textures\ui_candidate_DED0650023F03570_128x32_DXT1.dds"
"131","3","0xFD8EA403658ED7AF","64x32","DXT1","0","re_docs\hud_pause_candidate_png_2100\cand_131.png","rtx-remix\logs\tod-candidate-textures\ui_candidate_FD8EA403658ED7AF_64x32_DXT1.dds"
"132","3","0xACA55677EF4CD54D","64x32","DXT1","0","re_docs\hud_pause_candidate_png_2100\cand_132.png","rtx-remix\logs\tod-candidate-textures\ui_candidate_ACA55677EF4CD54D_64x32_DXT1.dds"
"133","3","0x1AD02521FC63E257","64x64","DXT1","0","re_docs\hud_pause_candidate_png_2100\cand_133.png","rtx-remix\logs\tod-candidate-textures\ui_candidate_1AD02521FC63E257_64x64_DXT1.dds"
"134","3","0xEE910406C42E688D","128x64","DXT1","0","re_docs\hud_pause_candidate_png_2100\cand_134.png","rtx-remix\logs\tod-candidate-textures\ui_candidate_EE910406C42E688D_128x64_DXT1.dds"
"135","3","0x423648FF301EB601","64x128","DXT1","0","re_docs\hud_pause_candidate_png_2100\cand_135.png","rtx-remix\logs\tod-candidate-textures\ui_candidate_423648FF301EB601_64x128_DXT1.dds"
"136","3","0x1A1D6FBB79D5DF43","64x128","DXT1","0","re_docs\hud_pause_candidate_png_2100\cand_136.png","rtx-remix\logs\tod-candidate-textures\ui_candidate_1A1D6FBB79D5DF43_64x128_DXT1.dds"
"137","3","0xEE1967E5345D2B45","128x32","DXT1","0","re_docs\hud_pause_candidate_png_2100\cand_137.png","rtx-remix\logs\tod-candidate-textures\ui_candidate_EE1967E5345D2B45_128x32_DXT1.dds"
"138","3","0x2164293A60D148AC","8x8","A8R8G8B8","1","re_docs\hud_pause_candidate_png_2100\cand_138.png","rtx-remix\logs\tod-candidate-textures\ui_candidate_2164293A60D148AC_8x8_A8R8G8B8.dds"
"139","3","0x1033DD63527D8C67","128x128","DXT1","0","re_docs\hud_pause_candidate_png_2100\cand_139.png","rtx-remix\logs\tod-candidate-textures\ui_candidate_1033DD63527D8C67_128x128_DXT1.dds"
"140","3","0xC79E7D016338E746","128x128","DXT1","0","re_docs\hud_pause_candidate_png_2100\cand_140.png","rtx-remix\logs\tod-candidate-textures\ui_candidate_C79E7D016338E746_128x128_DXT1.dds"
"141","3","0xA46C307BB6FFCB19","1024x512","DXT1","1","re_docs\hud_pause_candidate_png_2100\cand_141.png","rtx-remix\logs\tod-candidate-textures\ui_candidate_A46C307BB6FFCB19_1024x512_DXT1.dds"
"142","3","0xA057271C9071C99D","8x8","DXT1","4","re_docs\hud_pause_candidate_png_2100\cand_142.png","rtx-remix\logs\tod-candidate-textures\ui_candidate_A057271C9071C99D_8x8_DXT1.dds"
"143","3","0x13EFE16FBCBF1E27","32x32","DXT1","6","re_docs\hud_pause_candidate_png_2100\cand_143.png","rtx-remix\logs\tod-candidate-textures\ui_candidate_13EFE16FBCBF1E27_32x32_DXT1.dds"
"144","3","0x18C8793A40912D5C","128x128","DXT1","0","re_docs\hud_pause_candidate_png_2100\cand_144.png","rtx-remix\logs\tod-candidate-textures\ui_candidate_18C8793A40912D5C_128x128_DXT1.dds"
"145","3","0x790716CCF75EBC73","128x128","DXT1","0","re_docs\hud_pause_candidate_png_2100\cand_145.png","rtx-remix\logs\tod-candidate-textures\ui_candidate_790716CCF75EBC73_128x128_DXT1.dds"
"146","3","0x5228965D08E7C261","128x128","DXT1","0","re_docs\hud_pause_candidate_png_2100\cand_146.png","rtx-remix\logs\tod-candidate-textures\ui_candidate_5228965D08E7C261_128x128_DXT1.dds"
"147","3","0xD754FF7BB83BF112","64x64","DXT1","0","re_docs\hud_pause_candidate_png_2100\cand_147.png","rtx-remix\logs\tod-candidate-textures\ui_candidate_D754FF7BB83BF112_64x64_DXT1.dds"
"148","3","0xC9F787E807E56109","64x64","DXT1","0","re_docs\hud_pause_candidate_png_2100\cand_148.png","rtx-remix\logs\tod-candidate-textures\ui_candidate_C9F787E807E56109_64x64_DXT1.dds"
"149","3","0xC31B61059A06322A","64x64","DXT1","0","re_docs\hud_pause_candidate_png_2100\cand_149.png","rtx-remix\logs\tod-candidate-textures\ui_candidate_C31B61059A06322A_64x64_DXT1.dds"
"150","3","0x03F6ED201C4B0C64","128x128","DXT1","0","re_docs\hud_pause_candidate_png_2100\cand_150.png","rtx-remix\logs\tod-candidate-textures\ui_candidate_03F6ED201C4B0C64_128x128_DXT1.dds"
"151","3","0x7AF867A598792287","128x64","A8R8G8B8","0","re_docs\hud_pause_candidate_png_2100\cand_151.png","rtx-remix\logs\tod-candidate-textures\ui_candidate_7AF867A598792287_128x64_A8R8G8B8.dds"
"152","3","0x6D61803C33DF4E6D","32x32","DXT1","0","re_docs\hud_pause_candidate_png_2100\cand_152.png","rtx-remix\logs\tod-candidate-textures\ui_candidate_6D61803C33DF4E6D_32x32_DXT1.dds"
"153","3","0x416B47C4C3DDE78B","128x128","DXT1","0","re_docs\hud_pause_candidate_png_2100\cand_153.png","rtx-remix\logs\tod-candidate-textures\ui_candidate_416B47C4C3DDE78B_128x128_DXT1.dds"
"154","3","0xE56E2C947C83B785","64x64","DXT1","0","re_docs\hud_pause_candidate_png_2100\cand_154.png","rtx-remix\logs\tod-candidate-textures\ui_candidate_E56E2C947C83B785_64x64_DXT1.dds"
"155","3","0x7D2A0BB4DF9470FB","128x128","DXT1","0","re_docs\hud_pause_candidate_png_2100\cand_155.png","rtx-remix\logs\tod-candidate-textures\ui_candidate_7D2A0BB4DF9470FB_128x128_DXT1.dds"
"156","3","0x018DC0821EB642FF","64x64","DXT1","0","re_docs\hud_pause_candidate_png_2100\cand_156.png","rtx-remix\logs\tod-candidate-textures\ui_candidate_018DC0821EB642FF_64x64_DXT1.dds"
"157","3","0xC8B4452CA2AD3E48","64x64","DXT1","0","re_docs\hud_pause_candidate_png_2100\cand_157.png","rtx-remix\logs\tod-candidate-textures\ui_candidate_C8B4452CA2AD3E48_64x64_DXT1.dds"
"158","3","0x77BF902187A2D586","64x64","DXT1","0","re_docs\hud_pause_candidate_png_2100\cand_158.png","rtx-remix\logs\tod-candidate-textures\ui_candidate_77BF902187A2D586_64x64_DXT1.dds"
